pop_2021,tract,complaints,pct_white,pct_black,pct_asian,hispanic,pct_hispanic,pct_below_poverty,complaints_norm,tract_code
4453,200,108.0,27.734111834718167,28.340444644060188,3.593083314619358,3180,71.41253087805973,19.97126436781609,242.53312373680663,005000200
6000,400,46.0,30.15,24.53333333333333,2.95,4386,73.1,4.865848112778536,76.66666666666666,005000400
6038,1600,110.0,16.495528320635973,38.456442530639286,1.0765154024511427,3364,55.71381252070222,24.05121170553269,182.179529645578,005001600
2168,1901,189.0,30.62730627306273,40.03690036900369,0.0,1155,53.27490774907749,28.361581920903955,871.7712177121771,005001901
1399,1902,64.0,20.80057183702645,31.165117941386704,3.931379556826305,650,46.461758398856325,19.148936170212767,457.46962115797,005001902
4694,2001,24.0,10.8010225820196,58.47890924584576,0.0,2534,53.98380911802301,48.77771461057419,51.12910097997444,005002001
4274,2002,107.0,22.227421619092187,19.72391202620496,0.0,3494,81.75011698642957,44.642857142857146,250.3509592887225,005002002
5662,2500,181.0,20.16955139526669,25.997880607559164,0.0,4072,71.91805015895444,46.89942678478374,319.6750264924055,005002500
2938,2701,28.0,6.262763784887679,36.24914908100749,0.0,2155,73.3492171545269,52.81501340482574,95.30292716133424,005002701
4413,2702,136.0,8.47496034443689,36.39247677317018,0.0,2838,64.30999320190347,56.62729658792651,308.1803761613415,005002702
5372,2800,494.0,8.637379002233805,66.530156366344,0.0,1954,36.37379002233805,4.16156670746634,919.5830230826508,005002800
2165,3100,200.0,15.658198614318708,33.441108545034645,13.163972286374134,1416,65.4041570438799,14.781634938409857,923.7875288683604,005003100
3339,3300,130.0,8.026355196166516,39.323150643905365,0.0,2114,63.312368972746334,46.64510913500404,389.3381251871818,005003300
3880,3500,191.0,15.051546391752575,43.865979381443296,0.0,2799,72.13917525773196,36.41933287950987,492.2680412371134,005003500
277,3700,27.0,8.664259927797833,50.54151624548736,0.0,202,72.92418772563177,50.63291139240506,974.7292418772564,005003700
1313,3800,1.0,53.76999238385377,27.03731911652704,2.361005331302361,938,71.43945163747144,16.909620991253643,7.616146230007616,005003800
6710,3900,223.0,17.779433681073026,16.30402384500745,0.1639344262295081,5612,83.63636363636363,49.02826855123675,332.3397913561848,005003900
1574,4001,40.0,15.501905972045742,17.090216010165186,25.92121982210928,778,49.428208386277,16.096579476861166,254.12960609911053,005004001
5798,4100,139.0,16.85063815108658,38.909968954812,0.0,4055,69.93790962400827,47.540983606557376,239.7378406347016,005004100
7803,4200,166.0,24.58028963219275,41.02268358323722,0.1922337562475971,5581,71.52377290785596,24.2296918767507,212.7386902473408,005004200
5527,4300,286.0,20.445087751040347,30.142934684277183,0.0,4143,74.95929075447802,38.77925653969711,517.4597430794282,005004300
4551,4400,21.0,10.217534607778507,36.78312458800264,3.603603603603604,2702,59.37156668863985,57.17821782178218,46.14370468029005,005004400
1826,4600,29.0,25.739320920043813,36.801752464403066,0.0,1152,63.08871851040527,43.76899696048632,158.81708652792992,005004600
4464,4800,251.0,6.67562724014337,23.49910394265233,3.5170250896057347,3441,77.08333333333334,27.659574468085108,562.2759856630825,005004800
4304,5001,283.0,3.83364312267658,31.900557620817843,2.137546468401487,2868,66.635687732342,44.12650602409639,657.5278810408921,005005001
6393,5002,344.0,5.45909588612545,26.982637259502575,0.0,4757,74.40951040200218,35.25179856115108,538.0885343344282,005005002
6087,5100,159.0,15.163463118120584,46.62395268605224,0.0,3742,61.47527517660589,43.13815187557182,261.2124199112864,005005100
1833,5200,75.0,11.020185488270595,42.88052373158756,0.0,1231,67.15766503000545,43.51515151515152,409.1653027823241,005005200
5472,5300,83.0,5.902777777777778,60.01461988304093,0.0,2509,45.8516081871345,49.699519230769226,151.6812865497076,005005300
5638,5400,309.0,2.8378857750975524,25.54097197587797,2.607307555870876,4016,71.23093295494857,27.41935483870968,548.0666903157148,005005400
2168,5600,135.0,8.164206642066421,21.17158671586716,7.24169741697417,1388,64.02214022140221,35.78708946772367,622.6937269372694,005005600
2730,5902,306.0,17.47252747252747,27.43589743589744,1.0256410256410255,1672,61.24542124542125,11.006825938566552,1120.8791208791208,005005902
1295,6000,58.0,24.16988416988417,11.196911196911197,1.6216216216216215,1228,94.82625482625484,32.10526315789474,447.8764478764479,005006000
3955,6100,24.0,10.417193426042983,80.35398230088495,0.7079646017699115,752,19.01390644753477,11.413307430791647,60.68268015170671,005006100
6710,6200,210.0,9.090909090909092,31.71385991058122,0.0,4660,69.44858420268257,37.29411764705882,312.9657228017884,005006200
5521,6301,524.0,24.904908531063214,35.609491034232924,2.1916319507335627,3059,55.40662923383445,25.59241706161137,949.1034232928818,005006301
4061,6400,111.0,10.982516621521793,34.22802265451859,1.3297217434129525,2263,55.72519083969466,37.99849510910459,273.33169170155134,005006400
5681,6500,580.0,35.29308220383735,36.80690019362788,2.2003168456257702,3230,56.85618729096989,39.90267639902677,1020.9470163703572,005006500
6993,6700,203.0,6.678106678106678,21.235521235521237,0.0,5651,80.8093808093808,58.69311551925321,290.2902902902904,005006700
2765,6800,98.0,3.25497287522604,21.08499095840868,13.851717902350812,1662,60.10849909584087,33.26271186440678,354.43037974683546,005006800
7255,6900,261.0,12.198483804272914,34.128187456926256,0.0,5102,70.32391454169539,46.53089402830514,359.75189524465884,005006900
4235,7000,111.0,15.419126328217237,28.382526564344744,11.0271546635183,1833,43.282172373081465,24.679487179487182,262.1015348288076,005007000
2827,7100,88.0,11.177927131234524,37.5663247258578,2.2992571630703926,1827,64.62681287584012,23.3730522456462,311.28404669260703,005007100
6430,7200,189.0,12.068429237947123,16.56298600311042,38.33592534992224,2555,39.73561430793157,18.2356423919479,293.93468118195955,005007200
4301,7300,205.0,22.97140199953499,36.01488026040456,0.0,2674,62.171588002790045,46.05529332434255,476.63334108346896,005007300
3078,7400,50.0,20.01299545159194,40.18843404808317,0.0,1963,63.77517868745939,22.87937743190661,162.44314489928524,005007400
6295,7500,175.0,21.159650516282763,35.98093725178713,1.8903891977760128,4259,67.65687053216838,35.55359505955006,277.9984114376489,005007500
5293,7600,336.0,8.256187417343662,23.521632344606083,13.22501416965804,3157,59.64481390515776,24.71295790049207,634.8006801435859,005007600
2165,7700,66.0,24.157043879907626,31.963048498845264,1.3856812933025404,1816,83.87990762124711,23.859649122807017,304.84988452655887,005007700
6301,7800,246.0,16.806856054594512,34.6294239009681,10.363434375495952,3017,47.88128868433582,17.62295081967213,390.41421996508495,005007800
7157,7900,160.0,9.710772670113176,40.51977085370965,0.0,5392,75.33882911834567,48.96907216494845,223.55735643426016,005007900
6121,8300,197.0,13.20045744159451,33.85067799379187,0.326743996079072,4726,77.20960627348472,18.546255506607928,321.842836137886,005008300
3290,8400,13.0,22.58358662613982,42.340425531914896,5.075987841945289,1864,56.65653495440729,3.714859437751004,39.51367781155015,005008400
5706,8500,339.0,13.266736768314056,27.374693305292677,2.278303540133193,4086,71.60883280757098,26.84407096171802,594.111461619348,005008500
4134,8600,2.0,31.93033381712627,39.23560716013546,0.0,2308,55.82970488630866,38.99053627760252,4.837929366231253,005008600
6328,8700,302.0,10.47724399494311,24.194058154235147,0.6163084702907712,5049,79.78824273072061,41.21687929342493,477.24399494311,005008700
3197,8900,210.0,11.448232718173289,15.04535502033156,0.0,2707,84.6731310603691,19.559902200489,656.8658116984673,005008900
3693,9000,2.0,26.699160574059032,30.815055510425125,3.3306255077173037,2440,66.07094503114,33.52090032154341,5.415651232060655,005009000
6122,9200,227.0,15.713819013394314,14.047696831100948,20.989872590656645,3592,58.67363606664489,24.2802824551874,370.7938582162692,005009200
4928,9301,169.0,16.4163961038961,33.72564935064935,0.0,3558,72.19967532467533,36.37901861252115,342.93831168831167,005009301
2762,9600,36.0,20.202751629254166,19.985517740767563,18.24764663287473,1398,50.61549601737872,25.55168408826945,130.34033309196235,005009600
4818,9800,189.0,41.03362391033624,19.074304690743045,5.1058530510585305,3149,65.35907015359071,20.34847542003734,392.2789539227895,005009800
4210,11502,280.0,9.026128266033254,39.45368171021378,0.5225653206650831,2768,65.74821852731591,43.57298474945534,665.083135391924,005011502
1608,11701,95.0,0.6218905472636816,33.64427860696517,0.0,1149,71.45522388059702,38.276553106212425,590.7960199004975,005011701
6041,11800,8.0,73.84538983611985,7.167687468962091,1.4236053633504386,2221,36.76543618606191,10.602258469259723,13.242840589306406,005011800
6193,11900,245.0,10.253512029710963,30.437590828354598,0.0,4108,66.33295656386242,32.80123583934088,395.6079444534152,005011900
3267,12101,163.0,7.9583715947352305,34.64952555861647,0.3673094582185491,2131,65.22803795531068,28.169014084507044,498.9286807468626,005012101
1463,12102,164.0,8.954203691045796,34.44976076555024,0.0,1092,74.64114832535886,30.689655172413797,1120.9842788790156,005012102
4582,12300,168.0,8.096900916630293,51.78961152335225,0.5456132693147098,2536,55.34701003928415,21.490683229813666,366.65211697948496,005012300
4014,12500,149.0,9.267563527653214,25.0373692077728,0.0,2990,74.4892874937718,25.304878048780488,371.2007972097658,005012500
2207,12701,65.0,16.22111463525147,22.8364295423652,0.31717263253285,1735,78.61350249207068,25.264550264550262,294.51744449478934,005012701
4961,12901,257.0,17.839145333602097,33.48115299334812,0.1209433581939125,3322,66.96230598669624,31.898120072771373,518.0407175972585,005012901
1297,13000,2.0,51.81187355435621,9.020817270624518,1.156515034695451,839,64.68774094063224,27.412280701754387,15.420200462606012,005013000
5252,13100,211.0,24.02894135567403,41.90784463061691,0.0,3420,65.11805026656512,37.35576923076923,401.7517136329018,005013100
7288,13200,95.0,39.14654226125137,26.96212952799122,5.968715697036224,3743,51.35839736553238,9.538461538461538,130.35126234906696,005013200
6236,13300,178.0,12.23540731237973,31.478511866581144,3.752405388069275,4192,67.22257857601026,35.6225077536553,285.43938422065423,005013300
3492,13500,152.0,13.00114547537228,57.159221076746846,0.715922107674685,1699,48.65406643757159,50.4424778761062,435.28064146620846,005013500
3077,13800,142.0,52.74618134546636,14.592135196620085,10.984725381865454,1296,42.11894702632434,7.210300429184549,461.4884627884303,005013800
6384,14100,485.0,9.74310776942356,42.63784461152883,0.156641604010025,3668,57.45614035087719,35.09041939207388,759.7117794486217,005014100
1579,14300,58.0,4.623179227359088,54.02153261557948,7.156428119062698,913,57.8214059531349,49.18518518518519,367.3210892970234,005014300
5781,14400,20.0,17.69590036325895,36.27400103788272,12.592976993599722,4011,69.38245978204462,47.77043765483072,34.596090641757485,005014400
7002,14500,305.0,8.768923164810055,69.52299343044844,0.0,2883,41.17395029991431,44.995864350703066,435.5898314767209,005014500
5864,14701,15.0,11.493860845839016,66.14938608458391,0.5286493860845839,1937,33.032060027285134,44.42250740375123,25.579809004092773,005014701
5157,14702,28.0,8.881132441341865,48.72988171417491,0.0,3297,63.932518906340896,52.50905328504915,54.295132829164245,005014702
4708,14900,246.0,12.234494477485132,39.86830926083263,0.0,2810,59.6856414613424,40.36061026352289,522.5148683092608,005014900
5311,15100,262.0,11.918659386179629,59.3673507813971,0.0,2271,42.76030879307098,29.19020715630885,493.3157597439277,005015100
2565,15200,9.0,53.72319688109162,9.746588693957117,1.988304093567252,1298,50.604288499025344,12.381951731374606,35.08771929824562,005015200
4226,15300,233.0,6.389020350212967,55.395172740179845,2.1296734500709893,2286,54.093705631803125,35.72659391154509,551.348793185045,005015300
3089,15500,116.0,7.672385885399806,37.84396244739398,1.7157656199417288,2060,66.68824862415022,28.92561983471074,375.5260602136614,005015500
5155,15700,320.0,9.951503394762366,43.82153249272551,0.0,3000,58.19592628516004,36.04407135362015,620.7565470417071,005015700
1423,15800,39.0,52.073085031623336,5.481377371749825,7.027406886858749,680,47.78636683063949,21.008403361344534,274.06886858749124,005015800
2164,15900,33.0,7.024029574861368,14.094269870609985,3.3733826247689462,1943,89.78743068391867,38.23529411764706,152.49537892791128,005015900
3891,16000,21.0,73.01464919043947,2.287329735286559,6.4764841942945255,1365,35.08095605242868,13.797722705961151,53.97070161912104,005016000
4787,16100,161.0,5.431376645080426,36.59912262377272,0.0,3073,64.19469396281596,40.26946107784431,336.3275537915187,005016100
1712,16200,6.0,52.27803738317757,6.016355140186916,8.528037383177569,743,43.399532710280376,12.941176470588236,35.046728971962615,005016200
1074,16400,37.0,61.63873370577281,7.82122905027933,13.687150837988826,329,30.63314711359404,18.79699248120301,344.5065176908752,005016400
1074,16500,47.0,18.24953445065177,65.82867783985103,0.8379888268156425,463,43.109869646182496,17.55485893416928,437.61638733705774,005016500
2397,16600,5.0,34.54317897371715,10.054234459741345,7.968293700458908,1367,57.029620358781806,10.012360939431398,20.859407592824365,005016600
3822,16700,93.0,10.09942438513867,52.51177394034537,0.0,2205,57.692307692307686,29.565217391304348,243.3281004709576,005016700
1729,16900,30.0,8.444187391555813,47.25274725274725,0.0,864,49.97108155002892,20.397111913357403,173.51069982648932,005016900
6373,17300,670.0,11.501647575710026,49.97646320414248,1.6789581045033737,3801,59.64224070296563,45.4587367450438,1051.310214969402,005017300
6768,17500,304.0,8.880023640661939,58.02304964539007,0.0,3319,49.03959810874704,40.24604569420035,449.1725768321513,005017500
4554,17701,235.0,11.725955204216074,60.05709266578832,0.1756697408871322,2677,58.783487044356605,45.63609467455622,516.0298638559508,005017701
5412,17702,159.0,11.862527716186252,53.12269031781227,0.9053954175905397,2432,44.93717664449372,30.250596658711217,293.7915742793792,005017702
4751,17901,237.0,20.41675436750158,30.056830141022942,1.241843822353189,3615,76.0892443696064,27.05373687461396,498.8423489791623,005017901
4138,17902,163.0,14.98308361527308,33.01111648139198,0.3141614306428226,2918,70.51715804736588,33.18007662835249,393.9101014983084,005017902
3502,18101,186.0,3.2267275842375787,40.1770416904626,0.0285551113649343,2390,68.24671616219304,33.27067669172932,531.1250713877783,005018101
5695,18102,318.0,11.009657594381036,41.7910447761194,1.5452151009657595,3343,58.70061457418788,36.01286173633441,558.3845478489903,005018102
4657,18301,338.0,20.313506549280653,31.69422374919476,2.42645479922697,2562,55.01395748335839,19.015444015444015,725.7891346360318,005018301
3546,18302,200.0,5.696559503666103,46.05188945290468,0.4512126339537508,2038,57.47320924985899,5.10276399716513,564.0157924421884,005018302
4057,18400,48.0,60.24155780133104,3.401528222824747,8.774956864678334,1834,45.20581710623613,11.398601398601398,118.31402514173034,005018400
3069,18501,112.0,3.9752362333007496,69.85988921472793,0.0,1217,39.65461062235256,28.34507042253521,364.93971977842943,005018501
6503,18502,214.0,7.950176841457789,43.31846839920037,0.0,3975,61.12563432262033,47.20314033366046,329.07888666769185,005018502
8311,18900,943.0,19.2395620262303,41.29466971483576,1.1671279027794488,4443,53.459270845866925,39.84485190409027,1134.6408374443508,005018900
7126,19300,441.0,10.244176255964076,43.4044344653382,0.7998877350547292,4752,66.68537749087847,30.80766028309742,618.860510805501,005019300
2162,19400,10.0,35.24514338575393,15.772432932469934,9.481961147086032,1140,52.72895467160037,21.98952879581152,46.25346901017576,005019400
7766,19500,498.0,16.417718259078033,42.467164563481845,0.6438320885912954,4930,63.48184393510172,31.71940526115135,641.2567602369303,005019500
7479,19700,678.0,26.300307527744348,16.579756651958817,6.230779515978072,5830,77.95159780719348,51.51267375306623,906.5383072603288,005019700
7899,19900,454.0,12.419293581466007,46.13242182554754,0.0,4593,58.1466008355488,33.32309582309582,574.7562982656033,005019900
5147,20000,177.0,15.48474839712454,13.03672041966194,23.15912181853507,3054,59.33553526326016,26.20357634112792,343.8896444530794,005020000
3772,20100,571.0,9.1728525980912,38.44114528101803,0.0265111346765641,2500,66.2778366914104,27.09923664122137,1513.7857900318131,005020100
2372,20200,145.0,9.190556492411469,15.893760539629003,18.676222596964585,1461,61.59359190556493,22.727272727272727,611.2984822934233,005020200
3431,20400,91.0,24.13290585835033,8.190032060623725,10.346837656659863,2454,71.52433692800932,25.503355704697988,265.2287962693092,005020400
7267,20501,312.0,20.62749415164442,15.453419567909728,1.0045410760974267,6215,85.52359983486996,53.17311303041682,429.3381037567084,005020501
2515,20502,112.0,5.646123260437376,42.306163021868784,0.8747514910536779,1820,72.36580516898609,33.92857142857143,445.3280318091452,005020502
2425,20601,26.0,14.63917525773196,13.567010309278352,35.422680412371136,998,41.154639175257735,26.31578947368421,107.21649484536084,005020601
4997,20900,202.0,11.967180308184911,40.244146487892735,0.5203121873123874,3056,61.15669401640984,28.19722650231125,404.2425455273164,005020900
8111,21001,762.0,5.769942054000739,52.89113549500678,7.976821600295894,3275,40.37726544199236,23.869209809264305,939.4649241770436,005021001
8192,21002,626.0,8.36181640625,45.0439453125,12.646484375,3464,42.28515625,16.47345942647956,764.16015625,005021002
6036,21100,426.0,11.89529489728297,37.30947647448642,0.6958250497017893,4183,69.30086149768059,33.181126331811264,705.7654075546719,005021100
5157,21200,314.0,12.4297071941051,39.8681403917006,28.02016676362226,1717,33.294551095598216,13.79310344827586,608.8811324413418,005021200
1397,21301,54.0,8.732999284180387,35.07516105941303,0.0,959,68.6471009305655,16.8141592920354,386.5425912670007,005021301
5865,21302,210.0,6.172208013640239,45.28559249786871,0.3410059676044331,3423,58.36317135549872,46.1335676625659,358.0562659846547,005021302
4445,21501,205.0,15.95050618672666,27.44656917885264,0.1574803149606299,3337,75.07311586051743,30.362537764350456,461.1923509561304,005021501
6772,21502,414.0,7.486709982279977,32.147076196101594,0.0,5129,75.73833431777909,41.47806004618938,611.3408151210868,005021502
4625,21601,347.0,16.691891891891892,27.61081081081081,8.389189189189189,3158,68.28108108108108,18.970861748295103,750.2702702702703,005021601
6195,21602,372.0,10.20177562550444,29.53995157384988,32.106537530266344,1997,32.235673930589186,13.414124529878812,600.4842615012107,005021602
5220,21700,305.0,8.659003831417625,42.89272030651341,2.931034482758621,2518,48.23754789272031,27.800829875518676,584.2911877394636,005021700
6154,21800,181.0,14.33214169645759,20.0519987000325,3.3311667208319795,4607,74.86187845303867,23.90134529147982,294.11764705882354,005021800
963,21900,87.0,8.203530633437175,18.06853582554517,2.596053997923157,790,82.03530633437175,26.77165354330709,903.4267912772584,005021900
1917,22000,139.0,13.197704747000522,28.899321857068337,2.0865936358894106,1423,74.23056859676578,36.405529953917046,725.0912884715701,005022000
4030,22101,110.0,10.669975186104216,17.3697270471464,5.285359801488833,2971,73.72208436724566,36.8088467614534,272.9528535980149,005022101
5995,22102,452.0,14.712260216847373,12.360300250208509,0.3669724770642202,5239,87.38949124270225,32.31046931407942,753.9616346955796,005022102
3169,22200,165.0,8.86715052066898,7.794256863363837,36.22593878195014,1493,47.11265383401704,19.020172910662826,520.6689807510255,005022200
5553,22300,265.0,23.122636412749863,17.07185305240411,0.1800828381055285,4545,81.84764991896273,36.48029330889093,477.21952097965067,005022300
2517,22401,172.0,22.169249106078663,16.6865315852205,4.847040127135479,1630,64.75963448549861,13.294232649071358,683.3531982518872,005022401
3061,22403,234.0,19.53609931394969,15.844495262985951,0.9474028095393664,2061,67.33093760209083,13.283828382838283,764.4560601110747,005022403
4736,22404,1478.0,21.57939189189189,25.31672297297297,6.94679054054054,2650,55.954391891891895,15.73090541224077,3120.777027027027,005022404
8818,22500,460.0,18.938534815150827,28.441823542753458,0.7371286005897029,6908,78.3397595826718,21.74849267872524,521.6602404173282,005022500
4831,22701,220.0,4.657420823845994,44.60774166839164,2.0492651624922376,2755,57.02753053198095,28.09667673716012,455.39225833160833,005022701
1451,22702,55.0,15.36871123363198,26.87801516195727,0.3445899379738111,1035,71.33011716057891,42.67857142857142,379.0489317711923,005022702
1991,22703,45.0,43.39527875439478,26.77046710195882,3.0637870416875943,1422,71.42139628327475,25.072463768115945,226.01707684580612,005022703
6207,22800,450.0,25.53568551635251,26.212340905429357,10.439826002899952,3019,48.63863380054777,13.234689683518292,724.9879168680521,005022800
5530,22901,454.0,11.844484629294756,59.65641952983726,1.1211573236889694,2897,52.386980108499095,29.47686116700201,820.9764918625679,005022901
3710,22902,246.0,19.91913746630728,27.7088948787062,1.051212938005391,2837,76.46900269541779,29.770318021201412,663.0727762803234,005022902
2963,23000,131.0,25.143435707053666,14.343570705366185,5.636179547755653,1793,60.51299358758016,23.3878729547642,442.11947350658113,005023000
1696,23100,55.0,21.108490566037734,51.886792452830186,0.0,821,48.40801886792453,32.175925925925924,324.29245283018867,005023100
2517,23200,77.0,40.127135478744535,7.071911005164878,9.495431068732618,1189,47.238776321017085,22.47191011235955,305.9197457290425,005023200
4177,23301,592.0,5.506344266219776,36.293990902561646,1.0055063442662198,2844,68.08714388316974,29.22983626440267,1417.285132870481,005023301
3982,23302,135.0,15.745856353591158,35.45956805625314,0.527373179306881,3031,76.11752887995982,30.413385826771652,339.0256152687092,005023302
3325,23501,353.0,4.270676691729324,20.30075187969925,0.0902255639097744,3128,94.0751879699248,39.51219512195122,1061.654135338346,005023501
4628,23502,150.0,18.647363872082973,35.47968885047537,0.0,3482,75.23768366464995,25.6066411238825,324.11408815903195,005023502
1602,23600,74.0,24.469413233458177,15.543071161048688,9.051186017478152,987,61.61048689138576,24.224806201550383,461.9225967540575,005023600
1333,23702,54.0,13.278319579894973,32.18304576144036,0.0,894,67.06676669167292,34.93333333333333,405.10127531882966,005023702
5493,23703,209.0,15.492444929910794,28.43619151647551,1.0194793373384308,4600,83.74294556708539,52.12464589235128,380.4842526852357,005023703
3821,23704,289.0,16.27846113582832,17.19445171421094,0.0,3071,80.37163046322952,44.303797468354425,756.3465061502224,005023704
2480,23800,72.0,28.467741935483872,18.266129032258064,8.588709677419356,1361,54.87903225806452,16.955941255006675,290.3225806451613,005023800
8489,23900,675.0,7.197549770290965,31.381788196489573,1.4253740134291435,6306,74.28436800565437,33.547351524879616,795.1466603840264,005023900
4618,24000,179.0,32.8280640970117,24.144651364226934,0.1732351667388479,2525,54.67734950194889,20.02967359050445,387.6136855781724,005024000
6921,24100,356.0,18.971246929634447,35.90521600924722,1.9794827337090015,4268,61.66738910562057,31.49770546516479,514.376535182777,005024100
5575,24300,255.0,9.66816143497758,25.668161434977577,1.9551569506726456,4028,72.25112107623318,36.678374310085296,457.3991031390135,005024300
2512,24400,15.0,36.902866242038215,3.821656050955414,6.170382165605096,1416,56.36942675159236,17.33181299885975,59.71337579617835,005024400
4475,24501,137.0,6.122905027932961,31.28491620111732,0.0,3444,76.9608938547486,34.173669467787114,306.14525139664806,005024501
3848,24502,226.0,19.594594594594597,35.47297297297297,0.0,2932,76.1954261954262,23.91653290529695,587.3180873180874,005024502
2065,24600,93.0,45.85956416464891,6.924939467312349,16.077481840193705,765,37.04600484261501,11.375661375661377,450.363196125908,005024600
1967,24700,49.0,5.948144382308083,45.19572953736655,6.81240467717336,944,47.99186578546009,14.854111405835544,249.1103202846975,005024700
3370,24800,63.0,62.195845697329375,7.1513353115727,8.249258160237389,1316,39.05044510385757,9.30232558139535,186.94362017804156,005024800
2601,25000,56.0,57.32410611303344,8.612072279892349,10.841983852364477,1175,45.17493271818531,6.96078431372549,215.30180699730877,005025000
6462,25100,397.0,12.333642835035592,21.092541008975548,12.674094707520892,4245,65.69173630454968,19.435736677115987,614.3608789848344,005025100
2561,25200,27.0,46.15384615384615,6.520890277235456,12.26083561108942,1084,42.32721593127685,14.380530973451329,105.42756735650136,005025200
6313,25300,291.0,4.799619832092508,17.59860605100586,1.8533185490258195,5397,85.49025819737051,31.687898089171973,460.9535878346269,005025300
2183,25400,50.0,70.31607879065506,2.2904260192395784,6.138341731562071,823,37.700412276683466,8.953341740226985,229.04260192395785,005025400
7728,25500,562.0,11.788302277432711,20.25103519668737,0.0129399585921325,6748,87.31884057971014,35.67522086663862,727.2256728778467,005025500
1464,25600,34.0,36.47540983606557,21.03825136612022,6.830601092896176,819,55.94262295081968,9.358752166377815,232.24043715847,005025600
1793,25700,47.0,7.194645844952594,28.945900725041827,0.2230897936419409,1492,83.21249302844394,23.62093352192362,262.1305075292805,005025700
2114,26100,45.0,8.609271523178808,50.61494796594135,4.493850520340587,916,43.33017975402081,19.981498612395928,212.8666035950804,005026100
7124,26300,585.0,15.440763615946098,16.507580011229646,0.1403705783267827,5935,83.30993823694554,25.76687116564417,821.1678832116788,005026300
6643,26400,144.0,45.68718952280596,9.062170706006324,8.264338401324704,3987,60.01806412765317,10.797665369649806,216.769531838025,005026400
7505,26500,775.0,12.018654230512992,14.283810792804797,6.115922718187875,6215,82.81145902731512,26.513098464317974,1032.6449033977349,005026500
3305,26601,158.0,42.51134644478064,4.901664145234493,3.933434190620273,2327,70.40847201210288,12.225475841874085,478.0635400907716,005026601
5033,26602,193.0,55.07649513212796,10.967613749254918,3.179018478044904,2336,46.41366977945559,20.056044835868693,383.46910391416645,005026602
3639,26701,192.0,9.370706237977464,26.820555097554276,10.579829623522944,2368,65.07282220390216,29.325751421608448,527.6174773289365,005026701
8183,26702,671.0,18.40400830991079,16.693144323597704,0.0,7353,89.8570206525724,31.17363939281748,819.992667725773,005026702
4072,26900,204.0,28.16797642436149,19.744597249508843,0.6630648330058939,3472,85.26522593320236,39.40232429441063,500.9823182711198,005026900
7798,27300,342.0,28.98179020261605,30.135932290330853,1.2823800974608874,5531,70.92844319056168,34.67545990975356,438.5739933316235,005027300
5148,27401,35.0,79.54545454545455,1.845376845376845,2.7583527583527583,1623,31.526806526806528,2.771493212669683,67.98756798756799,005027401
3611,27402,48.0,64.16505123234562,3.48933813348103,1.0523400720022156,893,24.729991692052064,10.465116279069768,132.92716698975352,005027402
4338,27700,438.0,25.979714153988017,13.96957123098202,1.867219917012448,3343,77.06316274781005,29.299014238773275,1009.6818810511757,005027700
8486,27900,525.0,23.78034409615838,15.166156021682772,5.9391939665331135,5562,65.54324770209757,12.462711302618496,618.6660381805326,005027900
3757,28100,34.0,38.062283737024224,27.30902315677402,3.48682459409103,1584,42.16129890870376,11.660978384527873,90.49773755656108,005028100
2841,28300,207.0,34.56529391059486,27.77191129883844,0.0,2021,71.13692361844421,48.29867674858223,728.6166842661034,005028300
3763,28500,143.0,51.74063247408982,7.7066170608557,10.390645761360616,1543,41.00451767207016,13.031319910514542,380.0159447249535,005028500
960,28600,33.0,57.60416666666666,7.395833333333333,23.4375,277,28.854166666666664,10.208333333333334,343.75,005028600
3565,28700,94.0,37.6437587657784,4.992987377279103,4.768583450210379,2429,68.13464235624124,9.490196078431373,263.6746143057504,005028700
3144,28800,42.0,67.39821882951654,6.774809160305344,14.28117048346056,564,17.938931297709924,21.90388170055453,133.587786259542,005028800
4530,28900,593.0,42.22958057395144,14.7682119205298,3.245033112582781,3083,68.05739514348785,21.913415285943348,1309.0507726269316,005028900
1794,29301,17.0,72.51950947603122,8.30546265328874,4.403567447045708,272,15.16164994425864,4.697986577181208,94.7603121516165,005029301
6043,29302,22.0,69.65083567764356,10.805891113685256,3.8226046665563462,1440,23.829223895416185,8.931240657698057,36.40575872910806,005029302
4484,29500,112.0,48.57270294380018,12.265834076717216,10.28099910793934,1484,33.09545049063337,4.911131898971001,249.7769848349688,005029500
1947,29600,90.0,53.51823317925013,13.662044170518747,9.65588084232152,938,48.17668207498716,12.914691943127965,462.24961479198765,005029600
4122,29700,46.0,77.2197962154294,7.811741872877244,3.61475012130034,712,17.27316836487142,2.568306010928961,111.59631246967491,005029700
6612,30000,107.0,42.33212341197822,10.359951603145795,12.991530550514216,3185,48.16999395039323,13.734939759036145,161.826981246219,005030000
1578,30100,51.0,66.28643852978455,11.596958174904945,2.2179974651457544,379,24.017743979721164,11.703703703703704,323.19391634980985,005030100
3912,30201,7.0,9.918200408997956,69.19734151329243,0.0,1258,32.15746421267894,9.255784865540964,17.893660531697343,005030201
5261,30202,2.0,7.964265348793005,77.22866375213837,0.513210416270671,753,14.312868275993155,7.660961695191524,3.8015586390420073,005030202
5718,30701,27.0,67.24379153550193,10.073452256033578,3.707590066456803,1203,21.038824763903463,3.5535117056856182,47.2193074501574,005030701
4480,30900,39.0,77.70089285714286,7.633928571428572,3.102678571428572,710,15.848214285714285,4.4272663387210125,87.05357142857143,005030900
4507,31000,12.0,41.73507876636344,18.99267805635678,20.479254493010878,1299,28.821832704681604,9.090909090909092,26.625249611715116,005031000
1874,31200,2.0,30.14941302027748,18.890074706510138,14.300960512273212,757,40.3948772678762,3.322259136212625,10.672358591248669,005031200
2272,31400,26.0,50.39612676056338,20.51056338028169,7.306338028169014,1237,54.445422535211264,2.627511591962906,114.43661971830986,005031400
1965,31600,9.0,40.20356234096692,10.432569974554708,12.417302798982188,602,30.636132315521632,14.688427299703264,45.80152671755725,005031600
2149,31800,70.0,42.2987436016752,30.665425779432294,11.028385295486274,605,28.152629129827822,6.32688927943761,325.7328990228013,005031800
4789,32300,35.0,67.23741908540404,10.210899979118814,7.245771559824599,991,20.69325537690541,6.809127127852227,73.08415117978701,005032300
3326,32400,52.0,20.3547805171377,31.328923631990374,16.386049308478654,1743,52.40529164161154,49.96162701458174,156.34395670475047,005032400
3643,32600,17.0,40.43370848202032,12.1877573428493,16.250343123799066,1246,34.20258029096898,16.82509505703422,46.66483667307164,005032600
4140,32800,228.0,20.797101449275363,19.420289855072465,11.908212560386474,2203,53.21256038647343,21.75675675675676,550.7246376811594,005032800
5575,33000,329.0,38.24215246636771,27.641255605381165,1.4349775784753362,2016,36.16143497757848,29.062500000000004,590.134529147982,005033000
5334,33201,222.0,45.96925384326959,10.554930633670793,3.6932883389576303,3739,70.09748781402325,29.17162108600872,416.1979752530934,005033201
3775,33202,358.0,16.132450331125828,23.655629139072847,7.629139072847682,2280,60.397350993377486,25.03045066991474,948.3443708609273,005033202
15,33400,13.0,13.333333333333334,80.0,0.0,3,20.0,0.0,8666.666666666666,005033400
2158,33500,33.0,64.22613531047267,11.90917516218721,4.402224281742354,513,23.772011121408717,9.903713892709764,152.91936978683967,005033500
4925,33601,58.0,8.954314720812183,47.63451776649747,3.4923857868020303,2340,47.51269035532995,35.52322853120601,117.76649746192894,005033601
1356,33602,20.0,9.660766961651918,38.05309734513274,1.4749262536873156,775,57.15339233038348,16.49484536082474,147.49262536873155,005033602
2644,33700,19.0,70.87745839636914,6.354009077155824,4.387291981845689,553,20.91527987897125,2.141327623126338,71.86081694402421,005033700
2256,33801,84.0,15.24822695035461,36.87943262411347,0.6648936170212766,1091,48.35992907801418,9.168443496801707,372.3404255319149,005033801
1713,33802,98.0,16.520723876240513,35.843549328663165,7.530647985989491,849,49.56217162872154,9.217391304347826,572.0957384705196,005033802
5775,34000,230.0,13.627705627705629,42.30303030303031,5.454545454545454,2644,45.78354978354978,10.95367847411444,398.2683982683983,005034000
1665,34200,114.0,12.072072072072071,64.26426426426426,3.603603603603604,376,22.58258258258258,18.59706362153344,684.6846846846846,005034200
1899,34300,21.0,38.28330700368616,16.16640337019484,5.318588730911006,819,43.127962085308056,2.990033222591362,110.58451816745657,005034300
2165,34400,24.0,13.348729792147807,59.722863741339495,3.3718244803695154,800,36.95150115473441,21.463414634146343,110.85450346420323,005034400
3645,34500,18.0,57.55829903978052,9.739368998628258,3.100137174211248,1314,36.04938271604938,12.813370473537605,49.38271604938272,005034500
6196,34800,27.0,9.74822466107166,47.33699160748871,5.148482892188508,2928,47.2562943834732,26.602409638554214,43.576500968366695,005034800
2207,35000,29.0,10.013593112822836,72.04349796103308,3.126415949252378,440,19.93656547349343,6.548431105047749,131.40009062075217,005035000
3744,35100,42.0,62.25961538461539,8.386752136752136,3.231837606837608,1368,36.53846153846153,6.508422664624809,112.17948717948718,005035100
2206,35600,22.0,3.71713508612874,78.37715321849501,0.3626473254759746,366,16.59111514052584,8.583690987124463,99.728014505893,005035600
8758,35800,60.0,9.728248458552182,75.09705412194565,0.5252340717058689,1714,19.570678237040426,10.528206970894718,68.50879196163508,005035800
2445,35900,125.0,12.10633946830266,26.625766871165645,1.6359918200409,1807,73.90593047034764,40.97297297297297,511.2474437627812,005035900
3337,36000,66.0,15.16332034761762,63.67995205274198,2.607132154629907,908,27.2100689241834,7.539267015706806,197.7824393167516,005036000
5756,36100,108.0,16.5045170257123,44.68380820013898,0.0347463516330785,3812,66.22654621264768,57.20973782771536,187.63029881862403,005036100
7220,36300,643.0,23.96121883656509,33.21329639889197,0.1246537396121883,5402,74.81994459833795,40.07858546168959,890.5817174515234,005036300
2641,36400,25.0,3.40780007572889,90.9503975766755,0.0,192,7.2699734948883,9.834123222748817,94.6611132146914,005036400
4234,36501,339.0,15.328294756731225,58.59707132735002,0.0,1811,42.77279168634861,27.865329512893982,800.6613131790269,005036501
2502,36502,137.0,7.59392486011191,39.72821742605915,0.0,1618,64.66826538768984,36.17571059431525,547.5619504396483,005036502
2198,36700,144.0,12.829845313921748,27.11555959963604,3.3212010919017287,1581,71.92902638762511,31.88854489164087,655.1410373066424,005036700
2365,36800,20.0,3.171247357293869,76.95560253699789,0.5919661733615222,348,14.714587737843551,37.5609756097561,84.56659619450318,005036800
2151,36901,203.0,15.899581589958158,43.84007438400744,0.0,1599,74.33751743375174,52.60416666666666,943.7470943747096,005036901
2212,36902,113.0,26.03978300180832,49.00542495479204,0.0,1305,58.99638336347197,55.47355473554736,510.8499095840869,005036902
2479,37000,46.0,8.1887858007261,67.89027833803954,8.551835417507059,433,17.46672045179508,13.642960812772134,185.5586930213796,005037000
4176,37100,172.0,20.857279693486596,40.27777777777778,0.0,2997,71.76724137931035,37.49257278669043,411.8773946360153,005037100
2142,37200,59.0,17.507002801120446,41.08309990662932,3.7815126050420167,1039,48.50606909430439,20.19826517967782,275.4435107376284,005037200
6697,37300,479.0,4.673734507988652,61.11691802299537,0.0,4111,61.38569508735255,41.006842619745846,715.2456323727042,005037300
3968,37400,202.0,11.920362903225806,43.75,1.3356854838709675,2266,57.10685483870967,30.243572395128552,509.0725806451613,005037400
3641,37504,108.0,37.37984070310355,35.9791266135677,0.0,2461,67.59132106564131,37.360178970917225,296.62180719582534,005037504
2071,37600,148.0,12.409464027040078,36.93867696764848,4.587155963302752,1078,52.05214872042492,26.89393939393939,714.6306132303234,005037600
3147,37800,171.0,7.340324118207817,45.82141722275183,0.0,1732,55.03654273911663,24.424778761061948,543.3746425166826,005037800
6137,37900,320.0,6.143066644940524,68.51882027049047,1.450219977187551,2730,44.48427570474173,35.056179775280896,521.4274075281082,005037900
5035,38000,260.0,6.593843098311818,66.29592850049653,0.7944389275074478,1810,35.94836146971201,34.418604651162795,516.3853028798411,005038000
7707,38100,396.0,28.740106396782146,44.12871415596212,0.4022317373816011,5639,73.16725055144674,26.04245640636846,513.8186064616582,005038100
3001,38200,84.0,6.497834055314895,76.50783072309231,1.8327224258580472,778,25.924691769410195,18.84984025559105,279.9066977674109,005038200
5384,38301,386.0,6.296433878157504,25.39004457652303,2.1545319465081723,4020,74.66567607726597,24.46555819477435,716.9390787518573,005038301
3775,38303,3977.0,5.192052980132451,46.41059602649006,0.0,1982,52.50331125827814,48.01864801864802,10535.099337748345,005038303
2218,38304,38.0,10.640216411181244,23.57980162308386,0.0,1601,72.18214607754734,56.56697009102732,171.32551848512173,005038304
5025,38500,389.0,5.611940298507463,35.343283582089555,0.1990049751243781,3445,68.55721393034825,45.7057057057057,774.1293532338309,005038500
9240,38600,406.0,1.6341991341991342,75.82251082251082,0.119047619047619,2137,23.127705627705627,14.622314622314622,439.3939393939394,005038600
3582,38700,348.0,11.501954215522057,20.54718034617532,2.540480178671133,2374,66.27582356225572,28.363636363636363,971.5242881072028,005038700
2881,38800,41.0,10.690732384588683,76.1888233252343,0.0,584,20.2707393266227,19.169329073482427,142.3116973273169,005038800
5333,38900,282.0,23.73898368648041,9.450590661916369,4.387774235889743,3569,66.9229326832927,43.24480369515011,528.7830489405588,005038900
3108,39000,114.0,4.633204633204633,70.33462033462034,0.5791505791505791,472,15.186615186615189,9.944237918215611,366.7953667953668,005039000
7082,39100,510.0,26.066083027393397,16.873764473312626,2.174526969782548,5078,71.70290878282971,32.73722627737226,720.1355549279864,005039100
1717,39200,101.0,6.930693069306932,74.08270238788585,0.99009900990099,452,26.324985439720443,13.37386018237082,588.2352941176471,005039200
8690,39300,396.0,11.760644418872266,43.13003452243959,1.1737629459148446,4852,55.8342922899885,41.25041349652663,455.6962025316456,005039300
5254,39400,244.0,10.33498287019414,61.36277122192615,0.0,2326,44.271031594975256,28.66430260047281,464.4080700418728,005039400
4286,39500,239.0,14.489034064395709,48.41343910405973,1.773215118992067,2549,59.47270181987867,44.023668639053255,557.6294913672422,005039500
4522,39600,154.0,10.305174701459531,66.69615214506855,0.1990269792127377,1361,30.09730207872623,19.517241379310345,340.55727554179566,005039600
3689,39700,108.0,67.98590403903498,6.478720520466251,6.153429113580916,884,23.963133640552996,31.05134474327628,292.7622661968013,005039700
4209,39800,56.0,6.652411499168448,73.77049180327869,0.0,977,23.21216440959848,30.34427542033627,133.04822998336897,005039800
5312,39901,354.0,9.713855421686748,15.11671686746988,3.953313253012048,4181,78.7085843373494,32.70698766881973,666.4156626506024,005039901
5570,39902,391.0,2.9084380610412923,13.052064631956911,1.6517055655296229,4691,84.21903052064633,26.89371697005285,701.9748653500897,005039902
5086,40100,514.0,9.653952025167126,17.990562327959104,0.6095163193079041,4288,84.30987023200944,39.15632754342432,1010.6173810460086,005040100
5331,40302,982.0,6.321515663102607,7.14687675858188,2.3260176327143127,4811,90.24573250797224,39.66992665036675,1842.055899456012,005040302
4216,40303,447.0,15.607210626185958,16.888045540796963,1.7314990512333963,3258,77.27703984819735,29.823269513991164,1060.246679316888,005040303
3641,40304,317.0,13.842351002471847,14.281790716836037,6.728920626201592,3110,85.41609447953859,29.81162981162981,870.6399340840429,005040304
3264,40400,80.0,1.1029411764705883,90.80882352941175,0.0,312,9.558823529411764,9.17516218721038,245.09803921568627,005040400
3959,40501,180.0,2.727961606466279,10.027784794139931,3.233139681737813,3540,89.41651932306138,26.69039145907473,454.66026774438,005040501
7399,40502,310.0,6.311663738343019,25.152047573996484,3.70320313555886,5370,72.57737532098932,25.450081833060555,418.9755372347614,005040502
3997,40600,145.0,8.381285964473355,72.22917187890918,0.7005253940455342,725,18.13860395296473,18.39080459770115,362.77207905929447,005040600
3136,40701,142.0,25.7015306122449,11.543367346938776,3.125,2671,85.17219387755102,19.623233908948198,452.8061224489797,005040701
7137,40702,448.0,10.102283872775676,16.687683900798657,9.429732380552052,5232,73.30811265237494,24.55466294097101,627.7147260753818,005040702
4994,40800,347.0,13.295955146175412,55.56668001601922,0.7609130957148579,2167,43.392070484581495,24.81203007518797,694.8338005606729,005040800
3272,40900,181.0,25.45843520782396,60.33007334963325,2.4144254278728607,349,10.666259168704157,7.060518731988473,553.1784841075795,005040900
3677,41100,196.0,19.4723959749796,16.453630677182485,7.397334783791135,2605,70.84579820505847,26.443980514961723,533.0432417731846,005041100
9110,41300,536.0,13.830954994511528,11.54774972557629,2.096597145993414,7282,79.93413830954994,23.047497609180745,588.364434687157,005041300
5352,41400,202.0,14.349775784753364,56.12855007473841,6.165919282511211,1096,20.47832585949178,11.576086956521738,377.4289985052317,005041400
6089,41500,342.0,14.17309903103958,12.645754639513878,5.79733946460831,4538,74.5278370832649,26.44593461860855,561.6685826900969,005041500
3750,41800,172.0,12.293333333333331,56.82666666666667,16.053333333333335,748,19.946666666666665,14.585012087026591,458.6666666666667,005041800
6229,41900,604.0,25.99133087172901,13.790335527371967,19.184459784877188,3032,48.67554984748756,24.761526232114463,969.6580510515332,005041900
4512,42000,221.0,17.44237588652482,53.39095744680851,4.543439716312057,1962,43.484042553191486,37.56188118811881,489.8049645390071,005042000
5845,42100,342.0,28.91360136869119,14.525235243798118,9.90590248075278,3979,68.07527801539777,27.75073028237585,585.1154833190761,005042100
2873,42200,173.0,4.629307344239471,71.98050817960319,1.2182387747998606,492,17.12495649147233,9.688013136289,602.1580229725026,005042200
4395,42300,161.0,29.12400455062571,17.019340159271902,7.986348122866895,2820,64.16382252559727,24.29837518463811,366.325369738339,005042300
2512,42400,43.0,19.38694267515924,65.96337579617835,2.6671974522293,694,27.627388535031848,7.990012484394507,171.17834394904455,005042400
6614,42500,492.0,42.07741155125491,9.585727245237376,11.641971575446023,3937,59.52524947081948,29.41988950276243,743.8766253401875,005042500
7223,42600,92.0,2.935068531081268,73.58438322026859,4.319534819327149,1642,22.732936452997368,12.84738041002278,127.37089851862108,005042600
2099,42800,18.0,8.194378275369225,70.50976655550262,0.0,179,8.527870414483086,9.196891191709843,85.7551214864221,005042800
3257,42901,248.0,26.711697881486028,11.943506294135709,24.316856002456248,1975,60.63862450107461,29.436152570480928,761.436905127418,005042901
4165,42902,210.0,12.292917166866747,37.47899159663866,2.112845138055222,2571,61.72869147659063,21.965660153937243,504.20168067226894,005042902
3565,43000,64.0,8.330995792426368,62.0757363253857,6.844319775596073,471,13.211781206171109,19.06645569620253,179.52314165497896,005043000
5844,43101,298.0,23.92197125256673,25.75290896646133,15.639972621492127,3532,60.43805612594113,34.252386002120886,509.9247091033539,005043101
5008,43102,412.0,20.06789137380192,24.06150159744409,0.7188498402555911,3242,64.73642172523961,30.57671381936888,822.6837060702875,005043102
3880,43400,245.0,7.989690721649484,64.5618556701031,0.8247422680412372,1152,29.690721649484537,19.794520547945204,631.4432989690721,005043400
1059,43501,46.0,20.113314447592067,46.1756373937677,4.060434372049103,473,44.66477809254013,42.61904761904762,434.3720491029273,005043501
2214,43600,27.0,6.775067750677506,61.60794941282746,6.278229448961156,518,23.396567299006325,22.657342657342657,121.95121951219512,005043600
4122,44200,623.0,3.4934497816593884,87.43328481319747,0.0,839,20.35419699175158,35.09047993705743,1511.4022319262494,005044200
4725,44400,110.0,10.603174603174605,69.73544973544973,4.211640211640211,882,18.666666666666668,13.886900501073727,232.8042328042328,005044400
2231,44800,3.0,3.899596593455849,89.55625280143434,0.0,87,3.899596593455849,16.666666666666664,13.44688480502017,005044800
1995,44901,19.0,82.00501253132832,8.521303258145362,1.5037593984962403,405,20.30075187969925,7.052896725440807,95.23809523809524,005044901
2160,44902,22.0,75.0925925925926,4.675925925925926,2.824074074074074,464,21.48148148148148,11.1358574610245,101.85185185185186,005044902
1490,45101,47.0,89.86577181208054,5.369127516778524,0.2013422818791946,102,6.845637583892618,3.229278794402583,315.43624161073825,005045101
2159,45102,38.0,80.54654932839277,5.048633626679018,2.593793422880964,435,20.14821676702177,5.420353982300885,176.0074108383511,005045102
3637,45600,23.0,24.635688754467967,58.89469342865,0.0,1153,31.701952158372286,3.8560411311053984,63.23893318669233,005045600
3108,46000,50.0,11.1003861003861,70.52767052767052,0.7722007722007722,1184,38.095238095238095,29.989868287740627,160.87516087516087,005046000
7733,46203,43.0,17.380059485322644,62.20095693779905,0.3879477563688089,2595,33.55748092590198,12.203389830508476,55.605845079529296,005046203
6891,46204,8.0,4.745319982585982,58.61268320998404,3.5263387026556376,2325,33.73966042664345,9.31598825010491,11.609345523146132,005046204
3053,46205,14.0,10.12119226989846,58.30330822142156,11.398624303963317,865,28.332787422207662,7.492195629552549,45.85653455617425,005046205
4084,46206,7.0,20.51909892262488,60.40646425073457,1.9833496571988247,783,19.17238001958864,2.28287841191067,17.140058765915768,005046206
6351,46207,20.0,7.920012596441506,62.06896551724138,4.204062352385451,2038,32.08943473468745,17.654986522911052,31.4911037631869,005046207
5879,46208,74.0,9.780574927708791,67.9707433236945,0.1360775642116006,1913,32.539547542098994,15.912117177097205,125.87174689573057,005046208
5039,46209,31.0,8.057154197261362,64.39769795594364,0.0793808295296685,2214,43.93728914467156,34.946236559139784,61.52014288549316,005046209
4213,48401,28.0,5.672917161167814,82.15048658912889,0.0,488,11.583194873012106,6.866614048934491,66.46095418941373,005048401
4417,51601,41.0,76.95268281639122,0.70183382386235,1.9696626669685309,1187,26.873443513697083,6.384065372829417,92.82318315598825,005051601
